COD;ASSUNTO
1;Introdução
2;Código de trânsito brasileiro
3;Direitos e deveres do cidadão no trânsito
4;Sistema nacional de trânsito
5;As vias
6;Velocidade máxima nas vias
7;Classificação geral dos veículos
8;Identificação dos veículos
9;Registro e licenciamento dos veículos
10;Identificação e e habilitação do condutor
11;Processo de habilitação
12;Categorias de CNH
13;Validade da CNH
14;Normas gerais de circulação e conduta
15;Trafegando
16;Restrições de uso das vias
17;Prioridade de passagem
18;Mudanças de direção e manobras
19;Cruzamentos
20;Ultrapassagens
21;Uso de luzes e buzina
22;Reduzir, frear, parar e estacionar
23;Normas de circulação para ciclos
24;Normas de circulação para pedestres
25;Acidentes 
26;Crimes de trânsito
27;Penalidades, medidas administrativas
28;Condutor
29;Habilitação
30;Circulação
31;Transitar
32;Efetuar retorno e conversões
33;Efetuar ultrapassagem
34;Não dar passagem ou preferência
35;Não reduzir
36;Não parar
37;Parar
38;Estacionar
39;Buzina e som
40;Velocidade 
41;Veículo - identificação e documentação
42;Veículos
43;Luzes e sinais
44;Motocicleta, motoneta e ciclomotor
45;Transportes e cargas
46;Pedestres e veículos não motorizados
47;Acidentes de trânsito
48;Resolução 160/04
49;Sinalização de regulamentação
50;Sinalização de advertência
51;Sinalização especial de advertência
52;Sinalização de indicação
53;Sinalização horizontal
54;Dispositivos auxiliares
55;Dispositivos de uso temporário
56;Sinalização semafórica
57;Sinalização de obras
58;Gestos dos agentes de trânsito
59;Gestos de condutores
60;Sinais sonoros
61;Introdução, definição
62;Negligência, imprudência, imperícia
63;Elementos da direção ou pilotagem defensiva
64;Conhecimento
65;Condições adversas de iluminação
66;Condições adversas de tempo
67;Condições adversas das vias
68;Condições adversas de trânsito
69;Condições adversas do veículo
70;Condições adversas de cargas
71;Condições adversas de passageiros
72;Condições adversas do condutor
73;Álcool
74;Drogas e medicamentos
75;Sono e fadiga
76;Atenção
77;Previsão
78;Habilidade
79;Ação
80;Acidentes
81;Como evitar acidentes
82;Evitando colisões com o veículo da frente
83;Evitando colisões com o veículo de trás
84;Evitando colisões com os demais veículos
85;Evitando colisões com veículos em sentido contrário
86;Evitando colisões em ultrapassagens
87;Evitando colisões em curvas
88;Evitando colisões em cruzamentos
89;Evitando colisões em marcha à ré
90;Veículos de pequeno porte X grande porte
91;Evitando colisões de automóveis com motocicletas
92;Evitando colisões com pedestres
93;Evitando colisões com ciclistas
94;Evitando colisões com animais
95;Evitando colisões com elementos fixos
96;Direção ou pilotagem defensiva nas rodovias
97;Direção econômica
98;Acidentes
99;Quem deve prestar socorro às vítimas
100;Quais as primeiras providências?
101;Origem dos ferimentos
102;Atendendo às vítimas
103;Avaliação primária
104;A. desobstruir vias aéreas e controlar coluna cervical
105;B. verificar a respiração
106;C. verificar a circulação
107;D. verificar o estado de consciência
108;E. proteção da vítima
109;Manutenção dos sinais vitais
110;Avaliação secundária
111;Parada cardiorrespiratória
112;Respiração artificial
113;Reanimação cardíaca
114;Quando o atendente estiver sozinho
115;Quando houver dois atendentes
116;Estado de choque
117;Desmaio
118;Convulsões
119;Hemorragia
120;Hemorragia externa
121;Hemorragia interna
122;Hemorragia nasal
123;Fraturas
124;Fraturas fechadas
125;Fraturas abertas ou expostas
126;Fratura da coluna vertebral
127;Fratura de crânio
128;Fratura de costelas
129;Fratura de quadril
130;Queimaduras
131;Ferimentos nos olhos
132;Ferimento no tórax e abdômen
133;Movimentação e transporte de emergência
134;Introdução
135;Motor
136;Combustível
137;Lubrificante
138;Refrigeração
139;Sistema elétrico
140;Câmbio e embreagem
141;Direção
142;Suspensão
143;Freios
144;Pneus 
145;Extintores de incêndio
146;Painel de instrumentos
147;Equipamentos obrigatórios
148;Mecânica de motocicletas
149;Problemas mecânicos
150;Equipamentos de segurança do piloto
151;Planeta terra
152;Meio ambiente
153;Ecologia
154;A água
155;Poluição
156;Poluição do ar
157;Trânsito e meio ambiente
158;Principais gases emitidos
159;Emissão de partículas
160;Emissão sonora
161;Cuidados com o motor do veículo
162;Lixo e outros poluentes
163;Os veículos poluidores
164;Indivíduo
165;Grupo social
166;Sociedade
167;O indivíduo e a sociedade
168;Diferenças individuais
169;Relacionamento interpessoal
170;O cidadão e o trânsito
171;Introdução
172;O indivíduo, o grupo e a sociedade
173;O indivíduo e a sociedade
174;Diferenças individuais
175;O bom relacionamento
176;Bom relacionamento no trânsito
177;Qualidade no relacionamento interpessoal
178;O cidadão e o trânsito
179;Comportamento no trânsito
180;Tipos de comportamento
181;Conflitos no trânsito
182;O estresse
183;O estresse e o trânsito
184;Relação trânsito e meio ambiente
185;Preservação do meio
186;Indivíduo/grupo/sociedade: postura e papel social. 
187;Veículo como agente poluidor
188;Tipos de poluição – emissão: de gases, sonora, de partículas
189;Manutenção preventiva
190;Legislação específica (CONAMA)
191;Relações humanas e trânsito
192;Relações Interpessoais no trânsito
193;Indivíduo como cidadão
194;Responsabilidade do cidadão no trânsito
195;Cidadão e o espaço público
196;Uso racional do veículo
197;Direitos e deveres do cidadão
198;Normas legais (CTB, Resoluções e Portarias)
199;Órgãos de trânsito e suas competências
200;DETRAN e CFC
201;Educação para o Trânsito
202;Regras de circulação
203;Sinalização de Trânsito
204;Habilitação: formação e documentos obrigatórios
205;Curso de reciclagem para infratores
206;Veículo: equipamentos e documentos obrigatórios
207;Infrações, penalidades e medidas administrativas
208;Sistema viário: conceito e tipos de via
;
209;Planejamento e organização
210;Cidadão, veículo e via: papel social
211;Equipamentos obrigatórios, acessórios e de segurança
212;Funcionamento e operação do veículo e seus diversos sistemas
213;Uso e Manutenção preventiva
214;Atividades práticas 
215;Didática da prática de direção veicular
216;Elaboração de roteiros específicos para aulas práticas de veículos de duas rodas e quatro rodas ou mais, conforme conteúdos estabelecidos na Resolução 168/04 do CONTRAN, incluindo aulas em rodovias
217;Elaboração de instrumentos para acompanhamento do desempenho do candidato nas aulas práticas
218;Elaboração de Instrumentos para registro de conteúdo e freqüência às aulas práticas 
219;Prática de direção em veículos de duas rodas e quatro rodas
220;Álcool, drogas ilícitas, medicamentos e os acidentes de trânsito
221;Sono e fadiga
222;Trânsito e comportamento
223;Papel do instrutor de trânsito na formação do condutor
224;Relacionamento interpessoal instrutor/aluno
225;Noções de Psicologia da Aprendizagem
226;Filosofia e política do DETRAN
227;Ética e profissionalismo
228;Relações pedagógicas Instrutor/ Diretor de Ensino, Instrutor/ Aluno, Instrutor/ Instrutor
229;"Fatores que interferem na aprendizagem; motivação e comunicação."
230;Situações de conflito: alunos e suas concepções
231;Postura – o instrutor como modelo e seu papel como formador de condutores
232;Organização do processo ensino-aprendizagem: teorias de ensino e aprendizagem
233;Didática – Planejamento e processo ensino-aprendizagem
